{"cameraMode":{"drawMode":0,"name":"Shaded","section":"Shading Mode"},"sceneLighting":true,"audioPlay":false,"sceneViewState":{"showFog":true,"showMaterialUpdate":false,"showSkybox":true,"showFlares":true,"showImageEffects":true,"showParticleSystems":true},"in2DMode":false,"pivot":{"x":-127.9909439086914,"y":275.82537841796877,"z":73.97135925292969},"rotation":{"x":0.5930150151252747,"y":0.03258655220270157,"z":0.024029972031712533,"w":-0.8041728734970093},"size":303.3677978515625,"orthographic":false}