{"cameraMode":{"drawMode":0,"name":"Shaded","section":"Shading Mode"},"sceneLighting":true,"audioPlay":false,"sceneViewState":{"showFog":true,"showMaterialUpdate":false,"showSkybox":true,"showFlares":true,"showImageEffects":true,"showParticleSystems":true},"in2DMode":false,"pivot":{"x":1057.5615234375,"y":1128.75927734375,"z":-3254.625},"rotation":{"x":0.0018106207717210055,"y":-0.006598564330488443,"z":0.000013591423339676112,"w":0.9999765753746033},"size":255.00344848632813,"orthographic":true}