{"cameraMode":{"drawMode":0,"name":"Shaded","section":"Shading Mode"},"sceneLighting":true,"audioPlay":false,"sceneViewState":{"showFog":true,"showMaterialUpdate":false,"showSkybox":true,"showFlares":true,"showImageEffects":true,"showParticleSystems":true},"in2DMode":false,"pivot":{"x":-11.987090110778809,"y":-327.6105651855469,"z":11.753875732421875},"rotation":{"x":-0.3009406328201294,"y":-0.007720761466771364,"z":-0.0024386036675423385,"w":0.953608512878418},"size":138.46556091308595,"orthographic":false}