{"cameraMode":{"drawMode":0,"name":"Shaded","section":"Shading Mode"},"sceneLighting":true,"audioPlay":false,"sceneViewState":{"showFog":true,"showMaterialUpdate":false,"showSkybox":true,"showFlares":true,"showImageEffects":true,"showParticleSystems":true},"in2DMode":false,"pivot":{"x":1296.17333984375,"y":1361.3583984375,"z":-3503.21875},"rotation":{"x":0.01830875314772129,"y":-0.008095802739262581,"z":0.00014830785221420228,"w":0.9997996091842651},"size":196.21661376953126,"orthographic":true}