{"cameraMode":{"drawMode":0,"name":"Shaded","section":"Shading Mode"},"sceneLighting":true,"audioPlay":false,"sceneViewState":{"showFog":true,"showMaterialUpdate":false,"showSkybox":true,"showFlares":true,"showImageEffects":true,"showParticleSystems":true},"in2DMode":false,"pivot":{"x":710.2642211914063,"y":1277.8829345703125,"z":-307.3351745605469},"rotation":{"x":-0.07791313529014588,"y":-0.014057913795113564,"z":-0.0010988324647769333,"w":0.9968604445457459},"size":163.15504455566407,"orthographic":false}